[{"model": "auth.permission", "pk": 1, "fields": {"name": "Can add log entry", "content_type": 1, "codename": "add_logentry"}}, {"model": "auth.permission", "pk": 2, "fields": {"name": "Can change log entry", "content_type": 1, "codename": "change_logentry"}}, {"model": "auth.permission", "pk": 3, "fields": {"name": "Can delete log entry", "content_type": 1, "codename": "delete_logentry"}}, {"model": "auth.permission", "pk": 4, "fields": {"name": "Can view log entry", "content_type": 1, "codename": "view_logentry"}}, {"model": "auth.permission", "pk": 5, "fields": {"name": "Can add permission", "content_type": 2, "codename": "add_permission"}}, {"model": "auth.permission", "pk": 6, "fields": {"name": "Can change permission", "content_type": 2, "codename": "change_permission"}}, {"model": "auth.permission", "pk": 7, "fields": {"name": "Can delete permission", "content_type": 2, "codename": "delete_permission"}}, {"model": "auth.permission", "pk": 8, "fields": {"name": "Can view permission", "content_type": 2, "codename": "view_permission"}}, {"model": "auth.permission", "pk": 9, "fields": {"name": "Can add group", "content_type": 3, "codename": "add_group"}}, {"model": "auth.permission", "pk": 10, "fields": {"name": "Can change group", "content_type": 3, "codename": "change_group"}}, {"model": "auth.permission", "pk": 11, "fields": {"name": "Can delete group", "content_type": 3, "codename": "delete_group"}}, {"model": "auth.permission", "pk": 12, "fields": {"name": "Can view group", "content_type": 3, "codename": "view_group"}}, {"model": "auth.permission", "pk": 13, "fields": {"name": "Can add user", "content_type": 4, "codename": "add_user"}}, {"model": "auth.permission", "pk": 14, "fields": {"name": "Can change user", "content_type": 4, "codename": "change_user"}}, {"model": "auth.permission", "pk": 15, "fields": {"name": "Can delete user", "content_type": 4, "codename": "delete_user"}}, {"model": "auth.permission", "pk": 16, "fields": {"name": "Can view user", "content_type": 4, "codename": "view_user"}}, {"model": "auth.permission", "pk": 17, "fields": {"name": "Can add content type", "content_type": 5, "codename": "add_contenttype"}}, {"model": "auth.permission", "pk": 18, "fields": {"name": "Can change content type", "content_type": 5, "codename": "change_contenttype"}}, {"model": "auth.permission", "pk": 19, "fields": {"name": "Can delete content type", "content_type": 5, "codename": "delete_contenttype"}}, {"model": "auth.permission", "pk": 20, "fields": {"name": "Can view content type", "content_type": 5, "codename": "view_contenttype"}}, {"model": "auth.permission", "pk": 21, "fields": {"name": "Can add session", "content_type": 6, "codename": "add_session"}}, {"model": "auth.permission", "pk": 22, "fields": {"name": "Can change session", "content_type": 6, "codename": "change_session"}}, {"model": "auth.permission", "pk": 23, "fields": {"name": "Can delete session", "content_type": 6, "codename": "delete_session"}}, {"model": "auth.permission", "pk": 24, "fields": {"name": "Can view session", "content_type": 6, "codename": "view_session"}}, {"model": "auth.permission", "pk": 25, "fields": {"name": "Can add user info", "content_type": 7, "codename": "add_userinfo"}}, {"model": "auth.permission", "pk": 26, "fields": {"name": "Can change user info", "content_type": 7, "codename": "change_userinfo"}}, {"model": "auth.permission", "pk": 27, "fields": {"name": "Can delete user info", "content_type": 7, "codename": "delete_userinfo"}}, {"model": "auth.permission", "pk": 28, "fields": {"name": "Can view user info", "content_type": 7, "codename": "view_userinfo"}}, {"model": "auth.permission", "pk": 29, "fields": {"name": "Can add comment", "content_type": 8, "codename": "add_comment"}}, {"model": "auth.permission", "pk": 30, "fields": {"name": "Can change comment", "content_type": 8, "codename": "change_comment"}}, {"model": "auth.permission", "pk": 31, "fields": {"name": "Can delete comment", "content_type": 8, "codename": "delete_comment"}}, {"model": "auth.permission", "pk": 32, "fields": {"name": "Can view comment", "content_type": 8, "codename": "view_comment"}}, {"model": "auth.permission", "pk": 33, "fields": {"name": "Can add beauty makeup item", "content_type": 9, "codename": "add_beautymakeupitem"}}, {"model": "auth.permission", "pk": 34, "fields": {"name": "Can change beauty makeup item", "content_type": 9, "codename": "change_beautymakeupitem"}}, {"model": "auth.permission", "pk": 35, "fields": {"name": "Can delete beauty makeup item", "content_type": 9, "codename": "delete_beautymakeupitem"}}, {"model": "auth.permission", "pk": 36, "fields": {"name": "Can view beauty makeup item", "content_type": 9, "codename": "view_beautymakeupitem"}}, {"model": "auth.permission", "pk": 37, "fields": {"name": "Can add action", "content_type": 10, "codename": "add_action"}}, {"model": "auth.permission", "pk": 38, "fields": {"name": "Can change action", "content_type": 10, "codename": "change_action"}}, {"model": "auth.permission", "pk": 39, "fields": {"name": "Can delete action", "content_type": 10, "codename": "delete_action"}}, {"model": "auth.permission", "pk": 40, "fields": {"name": "Can view action", "content_type": 10, "codename": "view_action"}}, {"model": "auth.permission", "pk": 41, "fields": {"name": "Can add details", "content_type": 11, "codename": "add_details"}}, {"model": "auth.permission", "pk": 42, "fields": {"name": "Can change details", "content_type": 11, "codename": "change_details"}}, {"model": "auth.permission", "pk": 43, "fields": {"name": "Can delete details", "content_type": 11, "codename": "delete_details"}}, {"model": "auth.permission", "pk": 44, "fields": {"name": "Can view details", "content_type": 11, "codename": "view_details"}}, {"model": "auth.permission", "pk": 45, "fields": {"name": "Can add action", "content_type": 12, "codename": "add_action"}}, {"model": "auth.permission", "pk": 46, "fields": {"name": "Can change action", "content_type": 12, "codename": "change_action"}}, {"model": "auth.permission", "pk": 47, "fields": {"name": "Can delete action", "content_type": 12, "codename": "delete_action"}}, {"model": "auth.permission", "pk": 48, "fields": {"name": "Can view action", "content_type": 12, "codename": "view_action"}}, {"model": "auth.permission", "pk": 49, "fields": {"name": "Can add beauty makeup item1", "content_type": 9, "codename": "add_beautymakeupitem1"}}, {"model": "auth.permission", "pk": 50, "fields": {"name": "Can change beauty makeup item1", "content_type": 9, "codename": "change_beautymakeupitem1"}}, {"model": "auth.permission", "pk": 51, "fields": {"name": "Can delete beauty makeup item1", "content_type": 9, "codename": "delete_beautymakeupitem1"}}, {"model": "auth.permission", "pk": 52, "fields": {"name": "Can view beauty makeup item1", "content_type": 9, "codename": "view_beautymakeupitem1"}}, {"model": "auth.permission", "pk": 53, "fields": {"name": "Can add beauty makeup item", "content_type": 13, "codename": "add_beautymakeupitem"}}, {"model": "auth.permission", "pk": 54, "fields": {"name": "Can change beauty makeup item", "content_type": 13, "codename": "change_beautymakeupitem"}}, {"model": "auth.permission", "pk": 55, "fields": {"name": "Can delete beauty makeup item", "content_type": 13, "codename": "delete_beautymakeupitem"}}, {"model": "auth.permission", "pk": 56, "fields": {"name": "Can view beauty makeup item", "content_type": 13, "codename": "view_beautymakeupitem"}}, {"model": "auth.user", "pk": 1, "fields": {"password": "pbkdf2_sha256$260000$85WxRfdAukzUexDZQFUpQT$d3cP29Oby6D2TTJPQC0sBazMjcH3Y0pkGiJayV0jKWs=", "last_login": null, "is_superuser": false, "username": "hsu", "first_name": "yishen", "last_name": "hsu", "email": "hsu@vt.edu", "is_staff": false, "is_active": true, "date_joined": "2021-11-19T01:15:16.247Z", "groups": [], "user_permissions": []}}, {"model": "auth.user", "pk": 2, "fields": {"password": "pbkdf2_sha256$260000$ei1w05UBm58Ic427wqfC45$mvnqvzEYUzDXrB33UNTiQlDzRe8t7cc+0y+fz5vV9H4=", "last_login": null, "is_superuser": false, "username": "yechen", "first_name": "", "last_name": "", "email": "ycx@vt.edu", "is_staff": false, "is_active": true, "date_joined": "2021-11-19T02:54:12.751Z", "groups": [], "user_permissions": []}}, {"model": "auth.user", "pk": 3, "fields": {"password": "pbkdf2_sha256$260000$AUDesX054uxSZVeDaQhZ1B$7HLOwuXhFn+l9Dyz79qAE+FTyfL76jkwwAdXZqsG/gQ=", "last_login": null, "is_superuser": false, "username": "er", "first_name": "", "last_name": "", "email": "wr@gmail.com", "is_staff": false, "is_active": true, "date_joined": "2021-12-10T02:19:50.664Z", "groups": [], "user_permissions": []}}, {"model": "auth.user", "pk": 4, "fields": {"password": "pbkdf2_sha256$260000$IOi9nurHf1dp5EpDnV1Wot$7/vCw0dx9V8WxKZqqI15TCd7FnDmEF0bq3n4hL1uY+A=", "last_login": null, "is_superuser": false, "username": "dwe", "first_name": "", "last_name": "", "email": "dwe@gmail.com", "is_staff": false, "is_active": true, "date_joined": "2021-12-10T02:23:53.502Z", "groups": [], "user_permissions": []}}, {"model": "auth.user", "pk": 5, "fields": {"password": "pbkdf2_sha256$260000$NPmG8UKm22qNoIWqBFsQEN$uCwOcTxYNnrAHtGDdrwjO6JZOfp735+qOqgdM6WXVpc=", "last_login": null, "is_superuser": false, "username": "aw", "first_name": "", "last_name": "", "email": "aw@gmail.com", "is_staff": false, "is_active": true, "date_joined": "2021-12-10T02:37:30.739Z", "groups": [], "user_permissions": []}}, {"model": "contenttypes.contenttype", "pk": 1, "fields": {"app_label": "admin", "model": "logentry"}}, {"model": "contenttypes.contenttype", "pk": 2, "fields": {"app_label": "auth", "model": "permission"}}, {"model": "contenttypes.contenttype", "pk": 3, "fields": {"app_label": "auth", "model": "group"}}, {"model": "contenttypes.contenttype", "pk": 4, "fields": {"app_label": "auth", "model": "user"}}, {"model": "contenttypes.contenttype", "pk": 5, "fields": {"app_label": "contenttypes", "model": "contenttype"}}, {"model": "contenttypes.contenttype", "pk": 6, "fields": {"app_label": "sessions", "model": "session"}}, {"model": "contenttypes.contenttype", "pk": 7, "fields": {"app_label": "BeautyMakeup", "model": "userinfo"}}, {"model": "contenttypes.contenttype", "pk": 8, "fields": {"app_label": "BeautyMakeup", "model": "comment"}}, {"model": "contenttypes.contenttype", "pk": 9, "fields": {"app_label": "BeautyMakeup", "model": "beautymakeupitem1"}}, {"model": "contenttypes.contenttype", "pk": 10, "fields": {"app_label": "BeautyMakeup", "model": "action"}}, {"model": "contenttypes.contenttype", "pk": 11, "fields": {"app_label": "users", "model": "details"}}, {"model": "contenttypes.contenttype", "pk": 12, "fields": {"app_label": "actions", "model": "action"}}, {"model": "contenttypes.contenttype", "pk": 13, "fields": {"app_label": "BeautyMakeup", "model": "beautymakeupitem"}}, {"model": "BeautyMakeup.beautymakeupitem", "pk": 1, "fields": {"title": "shine pink", "price": 20, "availability": "Deliver", "condition": "50", "description": "Ingredients: Octyldodecanol, Ricinus Communis (Castor) Seed Oil, Silica, Tricaprylyl Citrate, Ozokerite, Isononyl Isononanoate, Paraffin, Phenyl Trimethicone, Microcrystalline Wax \\Cera<br>#}\n{#                    Microcristallina\\Cire Microcristalline, Ethylhexyl Palmitate, Caprylic/Capric Triglyceride, Copernicia Cerifera (Carnauba) Wax\\Cera Carnauba\\Cire De Carnauba, Ascorbyl Palmitate, Tocopherol,<br>#}\n{#                    Vanillin, Acrylates Copolymer, Polyethylene Terephthalate", "item_img": "img/kouhong.jpg", "date_posted": "2021-11-01T04:00:00Z", "author": "hsu", "user": 1}}, {"model": "BeautyMakeup.beautymakeupitem", "pk": 2, "fields": {"title": "eyeshadow", "price": 25, "availability": "Deliver", "condition": "43", "description": "Ingredients: Octyldodecanol, Ricinus Communis (Castor) Seed Oil, Silica, Tricaprylyl Citrate, Ozokerite, Isononyl Isononanoate, Paraffin, Phenyl Trimethicone, Microcrystalline Wax \\Cera<br>#}\n{#                    Microcristallina\\Cire Microcristalline, Ethylhexyl Palmitate, Caprylic/Capric Triglyceride, Copernicia Cerifera (Carnauba) Wax\\Cera Carnauba\\Cire De Carnauba, Ascorbyl Palmitate, Tocopherol,<br>#}\n{#                    Vanillin, Acrylates Copolymer, Polyethylene Terephthalate", "item_img": "img/eyeshadow.jpg", "date_posted": "2021-11-01T04:00:00Z", "author": "hsu", "user": 1}}, {"model": "BeautyMakeup.beautymakeupitem", "pk": 3, "fields": {"title": "disney eye", "price": 40, "availability": "Deliver", "condition": "4", "description": "Ingredients: Octyldodecanol, Ricinus Communis (Castor) Seed Oil, Silica, Tricaprylyl Citrate, Ozokerite, Isononyl Isononanoate, Paraffin, Phenyl Trimethicone, Microcrystalline Wax \\Cera<br>#}\n{#                    Microcristallina\\Cire Microcristalline, Ethylhexyl Palmitate, Caprylic/Capric Triglyceride, Copernicia Cerifera (Carnauba) Wax\\Cera Carnauba\\Cire De Carnauba, Ascorbyl Palmitate, Tocopherol,<br>#}\n{#                    Vanillin, Acrylates Copolymer, Polyethylene Terephthalate", "item_img": "img/disney.jpg", "date_posted": "2021-11-01T04:00:00Z", "author": "hsu", "user": 1}}, {"model": "BeautyMakeup.beautymakeupitem", "pk": 4, "fields": {"title": "liquid foundation", "price": 32, "availability": "Pickup", "condition": "30", "description": "Ingredients: Octyldodecanol, Ricinus Communis (Castor) Seed Oil, Silica, Tricaprylyl Citrate, Ozokerite, Isononyl Isononanoate, Paraffin, Phenyl Trimethicone, Microcrystalline Wax \\Cera<br>#}\n{#                    Microcristallina\\Cire Microcristalline, Ethylhexyl Palmitate, Caprylic/Capric Triglyceride, Copernicia Cerifera (Carnauba) Wax\\Cera Carnauba\\Cire De Carnauba, Ascorbyl Palmitate, Tocopherol,<br>#}\n{#                    Vanillin, Acrylates Copolymer, Polyethylene Terephthalate", "item_img": "img/fresh.jpg", "date_posted": "2021-11-01T04:00:00Z", "author": "hsu", "user": 1}}, {"model": "BeautyMakeup.beautymakeupitem", "pk": 5, "fields": {"title": "highlighter", "price": 7, "availability": "Deliver", "condition": "76", "description": "Ingredients: Octyldodecanol, Ricinus Communis (Castor) Seed Oil, Silica, Tricaprylyl Citrate, Ozokerite, Isononyl Isononanoate, Paraffin, Phenyl Trimethicone, Microcrystalline Wax \\Cera<br>#}\n{#                    Microcristallina\\Cire Microcristalline, Ethylhexyl Palmitate, Caprylic/Capric Triglyceride, Copernicia Cerifera (Carnauba) Wax\\Cera Carnauba\\Cire De Carnauba, Ascorbyl Palmitate, Tocopherol,<br>#}\n{#                    Vanillin, Acrylates Copolymer, Polyethylene Terephthalate", "item_img": "img/highlighter.jpg", "date_posted": "2021-11-01T04:00:00Z", "author": "hsu", "user": 1}}, {"model": "BeautyMakeup.beautymakeupitem", "pk": 15, "fields": {"title": "cd", "price": 34, "availability": "Deliver", "condition": "34", "description": "cdec", "item_img": "Etix_Mobile_Ticket_-_Smithsonians_National_Zoo_Washington_D.C._-_ENTRY_PASS_-__Sun_Nov_2_NtJuuAv.png", "date_posted": "2021-12-10T03:39:14.138Z", "author": "aw", "user": 5}}, {"model": "BeautyMakeup.beautymakeupitem", "pk": 16, "fields": {"title": "cd", "price": 34, "availability": "Deliver", "condition": "34", "description": "cdec", "item_img": "Etix_Mobile_Ticket_-_Smithsonians_National_Zoo_Washington_D.C._-_ENTRY_PASS_-__Sun_Nov_2_KqnLIm5.png", "date_posted": "2021-12-10T03:41:50.707Z", "author": "aw", "user": 5}}, {"model": "BeautyMakeup.comment", "pk": 3, "fields": {"author": "hsu", "user": 1, "commentTitle": "dew", "commentText": "dew", "date_posted": "2021-11-19T02:48:19.030Z", "item": 1}}, {"model": "users.details", "pk": 1, "fields": {"user": 1, "role": "Admin"}}, {"model": "users.details", "pk": 2, "fields": {"user": 2, "role": "Regular"}}, {"model": "users.details", "pk": 3, "fields": {"user": 3, "role": "Regular"}}, {"model": "users.details", "pk": 4, "fields": {"user": 4, "role": "Regular"}}, {"model": "users.details", "pk": 5, "fields": {"user": 5, "role": "Admin"}}, {"model": "actions.action", "pk": 1, "fields": {"user": 1, "verb": "added a new comment for item", "target_ct": 13, "target_id": 1, "date_created": "2021-11-19T02:42:53.601Z"}}, {"model": "actions.action", "pk": 2, "fields": {"user": 1, "verb": "just deleted a comment for item ", "target_ct": 13, "target_id": 1, "date_created": "2021-11-19T02:42:55.842Z"}}, {"model": "actions.action", "pk": 3, "fields": {"user": 1, "verb": "added a new comment for item", "target_ct": 13, "target_id": 1, "date_created": "2021-11-19T02:47:53.241Z"}}, {"model": "actions.action", "pk": 4, "fields": {"user": 1, "verb": "just deleted a comment for item ", "target_ct": 13, "target_id": 1, "date_created": "2021-11-19T02:48:15.634Z"}}, {"model": "actions.action", "pk": 5, "fields": {"user": 1, "verb": "added a new comment for item", "target_ct": 13, "target_id": 1, "date_created": "2021-11-19T02:48:19.035Z"}}, {"model": "actions.action", "pk": 6, "fields": {"user": 1, "verb": "edited the comment for item ", "target_ct": 13, "target_id": 1, "date_created": "2021-11-19T02:48:22.082Z"}}, {"model": "actions.action", "pk": 7, "fields": {"user": 2, "verb": "added a new comment for item", "target_ct": 13, "target_id": 1, "date_created": "2021-11-19T02:55:59.478Z"}}, {"model": "actions.action", "pk": 8, "fields": {"user": 1, "verb": "just deleted a comment for item ", "target_ct": 13, "target_id": 1, "date_created": "2021-11-19T03:01:12.687Z"}}, {"model": "actions.action", "pk": 9, "fields": {"user": 1, "verb": "added a new comment for item", "target_ct": 13, "target_id": 1, "date_created": "2021-11-19T03:01:17.830Z"}}, {"model": "actions.action", "pk": 10, "fields": {"user": 1, "verb": "just deleted a comment for item ", "target_ct": 13, "target_id": 1, "date_created": "2021-11-19T03:01:20.563Z"}}, {"model": "actions.action", "pk": 11, "fields": {"user": 1, "verb": "created the new item", "target_ct": 13, "target_id": 6, "date_created": "2021-12-09T01:54:02.840Z"}}, {"model": "actions.action", "pk": 12, "fields": {"user": 1, "verb": "created the new item", "target_ct": 13, "target_id": 7, "date_created": "2021-12-10T02:03:56.226Z"}}, {"model": "actions.action", "pk": 13, "fields": {"user": 1, "verb": "created the new item", "target_ct": 13, "target_id": 8, "date_created": "2021-12-10T02:04:46.433Z"}}, {"model": "actions.action", "pk": 14, "fields": {"user": 1, "verb": "added a new comment for item", "target_ct": 13, "target_id": 8, "date_created": "2021-12-10T02:04:59.588Z"}}, {"model": "actions.action", "pk": 15, "fields": {"user": 5, "verb": "just deleted a comment for item ", "target_ct": 13, "target_id": 8, "date_created": "2021-12-10T02:38:28.084Z"}}, {"model": "actions.action", "pk": 16, "fields": {"user": 5, "verb": "created the new item", "target_ct": 13, "target_id": 9, "date_created": "2021-12-10T02:39:03.539Z"}}, {"model": "actions.action", "pk": 17, "fields": {"user": 5, "verb": "created the new item", "target_ct": 13, "target_id": 10, "date_created": "2021-12-10T03:21:14.967Z"}}, {"model": "actions.action", "pk": 18, "fields": {"user": 5, "verb": "created the new item", "target_ct": 13, "target_id": 11, "date_created": "2021-12-10T03:23:55.438Z"}}, {"model": "actions.action", "pk": 19, "fields": {"user": 5, "verb": "created the new item", "target_ct": 13, "target_id": 12, "date_created": "2021-12-10T03:28:53.947Z"}}, {"model": "actions.action", "pk": 20, "fields": {"user": 5, "verb": "created the new item", "target_ct": 13, "target_id": 13, "date_created": "2021-12-10T03:31:07.642Z"}}, {"model": "actions.action", "pk": 21, "fields": {"user": 5, "verb": "created the new item", "target_ct": 13, "target_id": 14, "date_created": "2021-12-10T03:34:59.987Z"}}, {"model": "actions.action", "pk": 22, "fields": {"user": 5, "verb": "created the new item", "target_ct": 13, "target_id": 15, "date_created": "2021-12-10T03:39:14.146Z"}}, {"model": "actions.action", "pk": 23, "fields": {"user": 5, "verb": "created the new item", "target_ct": 13, "target_id": 16, "date_created": "2021-12-10T03:41:50.714Z"}}, {"model": "actions.action", "pk": 24, "fields": {"user": 5, "verb": "created the new item", "target_ct": 13, "target_id": 17, "date_created": "2021-12-10T03:45:44.794Z"}}]